Venue,AvailableDate,AsOfDate
Blissful Meadows,5/1/2021,8/27/2020
Blissful Meadows,7/3/2021,8/27/2020
Blissful Meadows,7/31/2021,8/27/2020
Blissful Meadows,8/7/2021,8/27/2020
Blissful Meadows,9/11/2021,8/27/2020
Mustard Seed Garden,9/11/2021,8/27/2020
Mustard Seed Garden,7/3/2021,8/27/2020
Mustard Seed Garden,10/30/2021,8/27/2020
Barn at Zionsville,4/3/2021,8/27/2020
Barn at Zionsville,4/10/2021,8/27/2020
Barn at Zionsville,4/17/2021,8/27/2020
Barn at Zionsville,4/24/2021,8/27/2020
Barn at Zionsville,5/1/2021,8/27/2020
Barn at Zionsville,5/8/2021,8/27/2020
Barn at Zionsville,5/15/2021,8/27/2020
Barn at Zionsville,5/29/2021,8/27/2020
Barn at Zionsville,6/5/2021,8/27/2020
Barn at Zionsville,6/19/2021,8/27/2020
Barn at Zionsville,6/26/2021,8/27/2020
Barn at Zionsville,7/3/2021,8/27/2020
Barn at Zionsville,7/10/2021,8/27/2020
Barn at Zionsville,7/17/2021,8/27/2020
Barn at Zionsville,7/24/2021,8/27/2020
Barn at Zionsville,7/31/2021,8/27/2020
Barn at Zionsville,8/7/2021,8/27/2020
Barn at Zionsville,8/14/2021,8/27/2020
Barn at Zionsville,8/21/2021,8/27/2020
Barn at Zionsville,9/11/2021,8/27/2020
Barn at Zionsville,10/30/2021,8/27/2020
Bradberry Farm,1/1/2022,8/27/2020
Barn at Powder Majors,4/3/2021,8/27/2020
Barn at Powder Majors,4/10/2021,8/27/2020
Barn at Powder Majors,4/17/2021,8/27/2020
Barn at Powder Majors,4/24/2021,8/27/2020
Barn at Bull Meadow,10/30/2021,8/27/2020
Cruiseport Gloucester,10/30/2021,5/6/2020
Cruiseport Gloucester,11/6/2021,5/6/2020
Cruiseport Gloucester,11/20/2021,5/6/2020
Cruiseport Gloucester,11/27/2021,5/6/2020
Iron and Ember,4/10/2021,8/27/2020
Iron and Ember,4/17/2021,8/27/2020
Iron and Ember,5/1/2021,8/27/2020
Iron and Ember,5/8/2021,8/27/2020
Iron and Ember,5/29/2021,8/27/2020
Iron and Ember,7/3/2021,8/27/2020
Iron and Ember,7/24/2021,8/27/2020
Iron and Ember,7/31/2021,8/27/2020
Iron and Ember,8/7/2021,8/27/2020
Iron and Ember,8/14/2021,8/27/2020
Iron and Ember,9/4/2021,8/27/2020
Iron and Ember,9/11/2021,8/27/2020
Iron and Ember,10/30/2021,8/27/2020
Iron and Ember,11/6/2021,8/27/2020
Iron and Ember,11/13/2021,8/27/2020
Iron and Ember,11/20/2021,8/27/2020
Iron and Ember,11/27/2021,8/27/2020
Kinney Bungalow,5/22/2021,8/31/2020
Kinney Bungalow,6/12/2021,8/31/2020
Kinney Bungalow,7/3/2021,8/31/2020
Kinney Bungalow,7/10/2021,8/31/2020
Kinney Bungalow,7/17/2021,8/31/2020
Kinney Bungalow,7/24/2021,8/31/2020
Kinney Bungalow,7/31/2021,8/31/2020
Kinney Bungalow,8/7/2021,8/31/2020
Kinney Bungalow,8/28/2021,8/31/2020
Kinney Bungalow,10/23/2021,8/31/2020
Kinney Bungalow,10/30/2021,8/31/2020
Thompson Inn,1/1/2022,8/31/2020
Canal 337,3/6/2021,8/31/2020
Canal 337,3/27/2021,8/31/2020
Canal 337,4/24/2021,8/31/2020
Canal 337,5/29/2021,8/31/2020
Canal 337,6/12/2021,8/31/2020
Canal 337,6/26/2021,8/31/2020
Canal 337,7/31/2021,8/31/2020
Canal 337,8/21/2021,8/31/2020
Canal 337,9/4/2021,8/31/2020
Canal 337,10/23/2021,8/31/2020
Canal 337,11/27/2021,8/31/2020
The Barn on the Pemi,12/4/2021,8/31/2020
Barn & Lights,8/7/2021,5/1/2020
Barn & Lights,8/14/2021,5/1/2020
Barn & Lights,8/21/2021,5/1/2020
Barn & Lights,9/4/2021,5/1/2020
Barn & Lights,9/11/2021,5/1/2020
Barn & Lights,9/25/2021,5/1/2020
Barn & Lights,10/2/2021,5/1/2020
Barn & Lights,10/16/2021,5/1/2020
Barn & Lights,10/23/2021,5/1/2020
Barn & Lights,10/30/2021,5/1/2020
Rhodes on the Pawtucket,9/4/2021,5/6/2020
Rhodes on the Pawtucket,9/18/2021,5/6/2020
Rhodes on the Pawtucket,10/9/2021,5/6/2020
Rhodes on the Pawtucket,10/23/2021,5/6/2020
Rhodes on the Pawtucket,10/30/2021,5/6/2020
Barn at Bradstreet Farm,1/1/2022,8/20/2020
Pine Hills,1/1/2022,9/1/2020
Smith Farm at Brooksby Farm,10/30/2021,9/1/2020
Smith Farm at Brooksby Farm,11/26/2021,9/1/2020
Barn at Flanagan Farm,5/22/2021,9/1/2020
Barn at Flanagan Farm,6/5/2021,9/1/2020
Barn at Flanagan Farm,6/19/2021,9/1/2020
Barn at Flanagan Farm,7/10/2021,9/1/2020
Barn at Flanagan Farm,10/30/2021,9/1/2020
Rhodes on the Pawtucket,6/12/2021,9/2/2020
Rhodes on the Pawtucket,7/10/2021,9/2/2020
Rhodes on the Pawtucket,7/17/2021,9/2/2020
Rhodes on the Pawtucket,7/24/2021,9/2/2020
Rhodes on the Pawtucket,8/7/2021,9/2/2020
Rhodes on the Pawtucket,8/14/2021,9/2/2020
Rhodes on the Pawtucket,8/28/2021,9/2/2020
Rhodes on the Pawtucket,9/11/2021,9/2/2020
Rhodes on the Pawtucket,10/9/2021,9/2/2020
The Red Barn at Sycamore Farm,5/15/2021,9/2/2020
The Red Barn at Sycamore Farm,5/29/2021,9/2/2020
The Red Barn at Sycamore Farm,6/19/2021,9/2/2020
The Red Barn at Sycamore Farm,6/26/2021,9/2/2020
The Red Barn at Sycamore Farm,7/3/2021,9/2/2020
The Red Barn at Sycamore Farm,7/10/2021,9/2/2020
The Red Barn at Sycamore Farm,7/17/2021,9/2/2020
The Red Barn at Sycamore Farm,7/31/2021,9/2/2020
The Red Barn at Sycamore Farm,8/7/2021,9/2/2020
The Red Barn at Sycamore Farm,8/14/2021,9/2/2020
The Red Barn at Sycamore Farm,8/21/2021,9/2/2020
The Red Barn at Sycamore Farm,8/28/2021,9/2/2020
The Red Barn at Sycamore Farm,7/25/2021,9/2/2020
The Red Barn at Sycamore Farm,10/9/2021,9/2/2020
The Red Barn at Sycamore Farm,10/16/2021,9/2/2020
The Red Barn at Sycamore Farm,10/30/2021,9/2/2020
The Red Barn at Sycamore Farm,11/6/2021,9/2/2020
The Red Barn at Sycamore Farm,11/13/2021,9/2/2020
The Red Barn at Sycamore Farm,11/20/2021,9/2/2020
The Red Barn at Sycamore Farm,11/27/2021,9/2/2020
Atlantica,5/22/2021,9/8/2020
Atlantica,6/12/2021,9/8/2020
Atlantica,6/19/2021,9/8/2020
Atlantica,6/26/2021,9/8/2020
Atlantica,7/10/2021,9/8/2020
Atlantica,7/17/2021,9/8/2020
Atlantica,8/7/2021,9/8/2020
Atlantica,9/11/2021,9/8/2020
Atlantica,9/25/2021,9/8/2020
Atlantica,10/2/2021,9/8/2020
Atlantica,10/30/2021,9/8/2020
Barn at Benson Pond,8/7/2021,9/8/2020
Barn at Benson Pond,6/5/2021,9/8/2020
Barn at Benson Pond,6/26/2021,9/8/2020
Barn at Benson Pond,5/8/2021,9/8/2020
Barn at Benson Pond,5/15/2021,9/8/2020
Barn at Benson Pond,9/11/2021,9/8/2020
Appleton Farms,5/1/2021,9/9/2020
Appleton Farms,5/8/2021,9/9/2020
Appleton Farms,5/15/2021,9/9/2020
Appleton Farms,5/22/2021,9/9/2020
Appleton Farms,6/12/2021,9/9/2020
Appleton Farms,6/26/2021,9/9/2020
Appleton Farms,7/3/2021,9/9/2020
Appleton Farms,7/10/2021,9/9/2020
Appleton Farms,7/17/2021,9/9/2020
Appleton Farms,7/31/2021,9/9/2020
Appleton Farms,8/7/2021,9/9/2020
Appleton Farms,8/14/2021,9/9/2020
Appleton Farms,8/21/2021,9/9/2020
Appleton Farms,9/11/2021,9/9/2020
The Commons 1854,7/3/2021,9/9/2020
The Commons 1854,11/20/2021,9/9/2020
The Red Lion Inn,7/2/2021,9/9/2020
Hyland Orchard,4/24/2021,9/9/2020
Smith Farm at Brooksby Farm,1/1/2022,9/10/2020
Historic Hamilton Hall,10/9/2021,9/11/2020
Historic Hamilton Hall,5/22/2021,9/11/2020
Historic Hamilton Hall,11/27/2021,9/11/2020
